<?xml version="1.0" encoding="UTF-8" ?>
<!DOCTYPE configuration
PUBLIC "-//mybatis.org//DTD Config 3.0//EN"
"http://mybatis.org/dtd/mybatis-3-config.dtd">
<configuration>
	<!-- 引用配置文件 -->
	<properties resource="db.properties"></properties>
	<environments default="development">
		<environment id="development">
			<transactionManager type="JDBC" />
			<!-- 配置数据库连接信息 -->
			<dataSource type="POOLED">
				<property name="driver" value="${jdbc.driver}" />
				<property name="url" value="${jdbc.url}" />
				<property name="username" value="${jdbc.username}" />
				<property name="password" value="${jdbc.password}" />
			</dataSource>
		</environment>
	</environments>
	<mappers>
		<package name="cn.xdf.mapper"></package>
	</mappers>
</configuration>