schoolid,code,name,categorycode,projectcode
1,10001,SSAT直通车预备班,361,0120
1,10002,SSAT直通车冲分班,167,0115
1,10003,TOEFL高中直通车预备班,154,0101
1,10004,TOEFL高中直通车冲分班,154,0101
1,10005,TOEFL本科直通车冲80分班,154,0101
1,10006,英联邦企业培训班,429,1525
1,10007,TOEFL本科直通车冲90分班,154,0101
1,10008,英联邦非标课程,441,1526
1,10009,北美企业培训班,429,0141
1,10010,北美非标课程,441,0142
1,10011,TOEFL直通车冲100分班,154,0101
1,10012,TOEFL本科直通车快速突破班,154,0101
1,10013,TOEFL考前封闭集训营,154,0101
1,10014,TOEFL直通车预备班,154,0101
1,10015,SAT直通车预备班,165,0109
1,10016,SAT直通车冲2000班,165,0109
1,10017,SAT直通车快速突破班,165,0109
1,10018,SAT直通车冲2200班,165,0109
1,10019,SAT直通车模考冲刺班,165,0109
1,10020,GRE直通车模考冲刺班,155,0103
1,10021,ACT直通车模考冲刺班,166,0124
1,10022,TOEFL大学生直通车冲90分班,154,0101
1,10023,TOEFL大学生直通车冲100分班,154,0101
1,10024,GMAT直通车冲650分班,156,0102
1,10025,GMAT直通车冲700分班,156,0102
1,10026,GMAT直通车模考冲刺班,156,0102
1,10027,TOEFL研究生直通车模考冲刺班,154,0101
1,10028,AP直通车班,164,0126
1,10029,TOEFL研究生直通车快速突破班,154,0101
1,10030,TOEFL Junior直通车快速突破班,410,0128
1,10031,SAT直通车冲分班,165,0109
1,10032,TOEFL直通车冲分班,154,0101
1,10033,TOEFL直通车初级起点班,154,0101
1,10034,TOEFL直通车中级提高班,154,0101
1,10035,TOEFL本科直通车全程A班,154,0101
1,10036,TOEFL本科直通车全程B班,154,0101
1,10037,SAT直通车中级提高班,165,0109
1,10038,英联邦精英A计划,362,1531
1,10039,英联邦精英B计划,362,1531
1,10040,英联邦精英C计划,362,1531
1,10041,TOEFL1对1班,154,0101
1,10042,TOEFL体验班,154,0101
1,10043,TOEFL预备班,154,0101
1,10044,TOEFL基础班,154,0101
1,10045,TOEFL大学生强化班,154,0101
1,10046,TOEFL精讲精练班,154,0101
1,10047,TOEFL模考班,154,0101
1,10048,TOEFL点题班,154,0101
1,10049,英联邦精英D计划,362,1531
1,10050,TOEFL冲分班,154,0101
1,10051,英联邦精英计划VIP1对1班,362,1531
1,10052,TOEFL全程班,154,0101
1,10053,GMAT*1对1班,156,0102
1,10054,蒙纳士大学预科预备班,412,1523
1,10055,GMAT*体验班,156,0102
1,10056,蒙纳士大学预科班,412,1523
1,10057,英澳名校预科1对1班,412,1523
1,10058,GMAT*预备班,156,0102
1,10059,ACT直通车快速突破班,166,0124
1,10060,O-LEVEL1对1班,193,1520
1,10061,GMAT*基础班,156,0102
1,10062,A-LEVEL1对1班,188,1519
1,10063,GMAT*强化班,156,0102
1,10064,GMAT*精讲精练B班,156,0102
1,10065,GMAT*模考班,156,0102
1,10066,GMAT*点题班,156,0102
1,10067,GMAT*冲分班,156,0102
1,10068,GMAT*全程班,156,0102
1,10069,A-LEVEL全程班,188,1519
1,10070,GRE直通车冲320分班,155,0103
1,10071,GRE1对1班,155,0103
1,10072,GRE体验班,155,0103
1,10073,GRE预备班,155,0103
1,10074,GRE基础班,155,0103
1,10076,北美精英计划单项班,362,0146
1,10077,IELTS直通车预备班,186,1515
1,10078,GRE强化班,155,0103
1,10079,GRE精讲精练B班,155,0103
1,10080,北美高中生精英A计划,362,0146
1,10081,北美高中生精英B计划,362,0146
1,10082,GRE模考班,155,0103
1,10083,北美高中生精英C计划,362,0146
1,10084,英澳留学直通车预科班,186,1515
1,10085,北美本科生精英A计划,362,0146
1,10086,北美本科生精英B计划,362,0146
1,10087,IELTS直通车冲8分班,186,1515
1,10088,北美本科生精英C计划,362,0146
1,10089,IELTS直通车冲7分班,186,1515
1,10090,北美本科生精英D计划,362,0146
1,10091,IELTS直通车冲6分班,186,1515
1,10092,北美本科生精英S计划,362,0146
1,10093,IELTS直通车冲6.5分班,186,1515
1,10094,IELTS直通车冲5.5分班,186,1515
1,10095,BEC1对1班,187,1514
1,10096,BEC初级基础班,187,1514
1,10097,BEC初级强化班,187,1514
1,10098,BEC初级全程班,187,1514
1,10099,BEC中级基础班,187,1514
1,10100,BEC中级强化班,187,1514
1,10101,BEC中级模考班,187,1514
1,10102,BEC中级点题班,187,1514
1,10103,BEC中级全程班,187,1514
1,10104,BEC高级基础班,187,1514
1,10105,BEC高级强化班,187,1514
1,10106,BEC高级模考班,187,1514
1,10107,BEC高级点题班,187,1514
1,10108,BEC高级全程班,187,1514
1,10109,IELTS1对1班,186,1515
1,10110,雅思模考班,186,1515
1,10111,IELTS考前点题班,186,1515
1,10112,GRE点题班,155,0103
1,10113,GRE冲分班,155,0103
1,10114,GRE全程班,155,0103
1,10115,雅思预备班,186,1515
1,10116,IELTS5.5分班,186,1515
1,10117,IELTS6分班,186,1515
1,10118,IELTS6.5分班,186,1515
1,10119,IELTS7分班,186,1515
1,10123,考研数学基础强化集训营,178,0237
1,10125,考研英语政治基础强化集训营,178,0237
1,10126,考研无忧英语政治基础集训营,178,0237
1,10127,考研英语政治数学基础集训营,178,0237
1,10128,考研英语政治数学基础强化集训营,178,0237
1,10129,考研无忧英语政治数学基础集训营,178,0237
1,10133,考研无忧英语大二预备营,178,0237
1,10134,考研英语强化集训营,178,0237
1,10135,考研无忧英语培优集训营,178,0237
1,10137,考研无忧数学大二预备营,178,0237
1,10140,考研无忧英语政治强化集训营,178,0237
1,10141,考研无忧英语数学大二预备营,178,0237
1,10142,考研英语数学强化集训营,178,0237
1,10145,考研无忧英语政治数学强化集训营,178,0237
1,10147,考研无忧强化集训营（法律硕士）,178,0237
1,10148,考研无忧强化集训营（会计硕士）,178,0237
1,10149,考研无忧强化集训营（西医综合）,178,0237
1,10150,考研无忧强化集训营（中传媒新闻传播）,178,0237
1,10151,考研无忧强化集训营（中政法法学硕士）,178,0237
1,10152,考研无忧强化集训营（人大经济学）,178,0237
1,10153,考研无忧强化集训营（人大法学）,178,0237
1,10154,考研无忧强化集训营（金融硕士）,178,0237
1,10155,考研无忧强化集训营（中财经济学）,178,0237
1,10156,考研无忧英语二冲刺集训营,178,0237
1,10165,考研无忧英语政治冲刺集训营,178,0237
1,10166,考研无忧英语政治100天通关集训营,178,0237
1,10171,考研无忧英语政治数学冲刺集训营,178,0237
1,10172,考研无忧英语政治数学100天通关集训营,178,0237
1,10173,考研无忧冲刺集训营（法律硕士）,178,0237
1,10174,考研无忧冲刺集训营（会计硕士）,178,0237
1,10175,考研无忧冲刺集训营（西医综合）,178,0237
1,10176,考研无忧冲刺集训营（中传媒新闻传播）,178,0237
1,10177,考研无忧冲刺集训营（中政法法学硕士）,178,0237
1,10178,考研无忧冲刺集训营（人大经济学）,178,0237
1,10179,考研无忧冲刺集训营（人大法学）,178,0237
1,10180,考研无忧冲刺集训营（金融硕士）,178,0237
1,10181,考研无忧冲刺集训营（中财经济学）,178,0237
1,10182,考研专业课法律硕士（非法学）导学班,176,0229
1,10183,考研专业课法律硕士（非法学）基础班,176,0229
1,10184,IELTS词汇班,186,1515
1,10185,IELTS语法班,186,1515
1,10186,考研专业课法律硕士（非法学）强化班,176,0229
1,10188,考研专业课法律硕士（非法学）精讲班,176,0229
1,10189,考研专业课法律硕士（非法学）冲刺班,176,0229
1,10190,考研专业课管理类联考综合导学班,176,0229
1,10191,考研专业课管理类联考综合基础班,176,0229
1,10192,考研专业课管理类联考综合强化班,176,0229
1,10193,考研专业课管理类联考综合精讲班,176,0229
1,10194,考研专业课管理类联考综合冲刺班,176,0229
1,10198,考研专业课计算机导学班,176,0229
1,10199,考研专业课教育学导学班,176,0229
1,10201,考研专业课教育学强化班,176,0229
1,10202,IELTS5.5分全程班,186,1515
1,10203,IELTS6分全程班,186,1515
1,10204,IELTS6.5分全程班,186,1515
1,10205,IELTS7分全程班,186,1515
1,10206,考研专业课历史学导学班,176,0229
1,10207,IELTS7分口语班,186,1515
1,10208,考研专业课历史学强化班,176,0229
1,10209,IELTS7分写作班,186,1515
1,10210,考研专业课西医综合导学班,176,0229
1,10211,考研专业课西医综合基础班,176,0229
1,10212,考研专业课西医综合强化班,176,0229
1,10213,考研专业课西医综合精讲班,176,0229
1,10214,考研专业课西医综合冲刺班,176,0229
1,10216,考研专业课心理学导学班,176,0229
1,10218,考研专业课心理学强化班,176,0229
1,10219,考研专业课法学硕士导学班,176,0229
1,10220,考研专业课艺术硕士导学班,176,0229
1,10221,考研专业课英美文学强化班,176,0229
1,10222,考研专业课英语语言学强化班,176,0229
1,10223,考研专业课英语专业导学班,176,0229
1,10224,考研专业课英语翻译理论与实践强化班,176,0229
1,10225,考研专业课基础英语强化班,176,0229
1,10226,考研专业课新闻传播导学班,176,0229
1,10227,考研专业课西方经济学基础班,176,0229
1,10228,考研专业课西方经济学强化班,176,0229
1,10229,考研专业课西方经济学精讲班,176,0229
1,10231,考研专业课经济学导学班,176,0229
1,10232,考研专业课通信工程导学班,176,0229
1,10233,考研专业课会计学导学班,176,0229
1,10234,考研专业课企业管理导学班,176,0229
1,10236,考研专业课行政管理导学班,176,0229
1,10237,考研专业课计算机强化班,176,0229
1,10238,SAT*I1对1班,165,0109
1,10239,SAT*I体验班,165,0109
1,10240,SAT*I预备班,165,0109
1,10241,SAT*I基础班,165,0109
1,10242,SAT*I强化班,165,0109
1,10243,SAT*I精讲精练班,165,0109
1,10244,SAT*I词汇精讲精练班,165,0109
1,10245,SAT*I填空精讲精练班,165,0109
1,10246,SAT*I写作精讲精练班,165,0109
1,10247,SAT*I语法精讲精练班,165,0109
1,10248,考研政治无忧计划,398,0233
1,10249,SAT*I阅读精讲精练班,165,0109
1,10250,考研英语无忧计划,398,0233
1,10251,SAT*I模考班,165,0109
1,10252,考研数学无忧计划,398,0233
1,10253,考研英语政治数学无忧计划,398,0233
1,10254,SAT*I点题班,165,0109
1,10255,考研英语政治无忧计划,398,0233
1,10256,考研无忧计划,398,0233
1,10257,SAT*I写作点题班,165,0109
1,10258,SAT*I语法点题班,165,0109
1,10259,SAT*I阅读点题班,165,0109
1,10260,SAT*I考试团,165,0109
1,10261,SAT*I冲分班,165,0109
1,10262,SAT*I全程班,165,0109
1,10263,ACT*1对1班,166,0124
1,10264,ACT*体验班,166,0124
1,10265,ACT*强化班,166,0124
1,10266,ACT*精讲精练班,166,0124
1,10267,ACT*科学推理精讲精练班,166,0124
1,10268,ACT*文章改错精讲精练班,166,0124
1,10269,ACT*阅读精讲精练班,166,0124
1,10270,ACT模考班,166,0124
1,10271,ACT*点题班,166,0124
1,10272,ACT冲分班,166,0124
1,10273,ACT*全程班,166,0124
1,10274,考研英语数学无忧计划,398,0233
1,10275,SAT*II1对1班,411,0109
1,10276,SAT*II体验班,411,0109
1,10277,SAT*II化学基础班,411,0109
1,10278,SAT*II化学强化班,411,0109
1,10279,SAT*II化学冲分班,411,0109
1,10280,SAT*II美国历史强化班,411,0109
1,10281,SAT*II美国历史冲分班,411,0109
1,10282,SAT*II生物基础班,411,0109
1,10283,SAT*II生物强化班,411,0109
1,10284,SAT*II生物冲分班,411,0109
1,10285,SAT*II数学基础班,411,0109
1,10286,SAT*II数学强化班,411,0109
1,10287,SAT*II物理基础班,411,0109
1,10288,北美研究生精英A计划,362,0146
1,10289,SAT*II物理强化班,411,0109
1,10290,SAT*II基础班,411,0109
1,10291,SAT*II强化班,411,0109
1,10292,北美研究生精英B计划,362,0146
1,10293,北美研究生精英C计划,362,0146
1,10294,北美研究生精英D计划,362,0146
1,10295,美国大学学分课AP*Exam1对1班,164,0126
1,10296,北美研究生精英S计划,362,0146
1,10297,美国大学学分课AP*Exam体验班,164,0126
1,10298,美国大学学分课AP*Exam宏观经济学基础班,164,0126
1,10299,AP*Exam宏观经济学强化班,164,0126
1,10300,AP*Exam宏观经济学冲刺班,164,0126
1,10301,AP*Exam宏观经济学模考班,164,0126
1,10302,美国大学学分课AP*Exam化学基础班,164,0126
1,10303,AP*Exam化学强化班,164,0126
1,10304,AP*Exam化学冲刺班,164,0126
1,10305,AP*Exam化学模考班,164,0126
1,10306,美国大学学分课AP*Exam计算机科学基础班,164,0126
1,10307,AP*Exam计算机科学强化班,164,0126
1,10308,AP*Exam计算机科学冲刺班,164,0126
1,10309,AP*Exam计算机科学模考班,164,0126
1,10310,美国大学学分课AP*Exam美国历史基础班,164,0126
1,10311,AP*Exam美国历史强化班,164,0126
1,10312,AP*Exam美国历史冲刺班,164,0126
1,10313,AP*Exam美国历史模考班,164,0126
1,10314,美国大学学分课AP*Exam生物基础班,164,0126
1,10315,AP*Exam生物强化班,164,0126
1,10316,AP*Exam生物冲刺班,164,0126
1,10317,AP*Exam生物模考班,164,0126
1,10318,美国大学学分课AP*Exam统计学基础班,164,0126
1,10319,AP*Exam统计学强化班,164,0126
1,10320,AP*Exam统计学冲刺班,164,0126
1,10321,AP*Exam统计学模考班,164,0126
1,10322,美国大学学分课AP*Exam微观经济学基础班,164,0126
1,10323,AP*Exam微观经济学强化班,164,0126
1,10324,AP*Exam微观经济学冲刺班,164,0126
1,10325,AP*Exam微观经济学模考班,164,0126
1,10326,ACT直通车中级提高班,166,0124
1,10327,ACT直通车冲分班,166,0124
1,10328,ACT直通车全程班,166,0124
1,10329,SAT直通车全程班,165,0109
1,10330,美国大学学分课AP*Exam微积分BC基础班,164,0126
1,10331,AP*Exam微积分BC强化班,164,0126
1,10332,AP*Exam微积分BC冲刺班,164,0126
1,10333,AP*Exam微积分BC模考班,164,0126
1,10334,美国大学学分课AP*Exam物理B基础班,164,0126
1,10335,美国大学学分课AP*Exam物理B强化班,164,0126
1,10336,美国大学学分课AP*Exam物理B冲刺班,164,0126
1,10337,美国大学学分课AP*Exam物理B模考班,164,0126
1,10338,美国大学学分课AP*Exam物理C基础班,164,0126
1,10339,AP*Exam物理C强化班,164,0126
1,10340,AP*Exam物理C冲刺班,164,0126
1,10341,AP*Exam物理C模考班,164,0126
1,10342,美国大学学分课AP*Exam心理学基础班,164,0126
1,10343,AP*Exam心理学强化班,164,0126
1,10344,AP*Exam心理学冲刺班,164,0126
1,10345,AP*Exam心理学模考班,164,0126
1,10346,美国大学学分课AP*Exam写作强化班,164,0126
1,10347,AP强化班,164,0126
1,10348,LSAT强化班,157,0105
1,10349,LSAT1对1班,157,0105
1,10350,LSAT体验班,157,0105
1,10351,SAT*II冲分班,411,0109
1,10352,SAT*II物理冲分班,411,0109
1,10353,SAT*II数学冲分班,411,0109
1,10354,PTE强化班,159,0130
1,10355,PTE精讲精练班,159,0130
1,10356,PTE1对1班,159,0130
1,10357,SSAT*1对1班,167,0115
1,10358,SSAT*核心词汇班,167,0115
1,10359,SSAT*基础班,167,0115
1,10360,SSAT*强化班,167,0115
1,10361,大学德语四级基础班,83,06144
1,10362,大学德语四级强化班,83,06144
1,10363,德福词汇班,83,06144
1,10364,德福基础班,83,06144
1,10365,德福全程班,83,06144
1,10366,德福考前冲刺班,83,06144
1,10367,德福口语班,83,06144
1,10368,德福模考讲评班,83,06144
1,10369,德福强化班,83,06144
1,10370,德福听力班,83,06144
1,10371,德福写作班,83,06144
1,10372,德国留学精英计划,436,06150
1,10373,德语1对1班,83,06144
1,10374,德语DSH模考讲评班,83,06144
1,10375,德语DSH强化班,83,06144
1,10376,德语初级班,83,06144
1,10377,德语专业四级强化班,83,06144
1,10378,德语词汇班,83,06144
1,10379,小语种体验班,83,06144
1,10380,德福冲16分班,83,06144
1,10381,德国留学直通车,83,06144
1,10382,法语1对1班,84,06145
1,10385,法语TEF/TCF考前冲刺班,84,06145
1,10387,法语TEF/TCF强化班,84,06145
1,10388,法语初级班,84,06145
1,10389,法语全程班,84,06145
1,10391,法语高级班,84,06145
1,10393,法语零起点特训班,84,06145
1,10394,法语听说班,84,06145
1,10396,法语语法班,84,06145
1,10397,法语中级班,84,06145
1,10398,法语考研二外基础班,84,06145
1,10399,法语考研二外强化班,84,06145
1,10401,法语专业四级考前冲刺班,84,06145
1,10402,法语专业四级强化班,84,06145
1,10403,法语直通车TEF/TCF冲B2班,84,06145
1,10404,法国留学直通车,84,06145
1,10405,韩语1对1班,86,06146
1,10406,韩语TOPIK初级考前冲刺班,86,06146
1,10407,韩语韩语TOPIK初级强化班,86,06146
1,10408,韩语TOPIK高级考前冲刺班,86,06146
1,10409,韩语TOPIK高级强化班,86,06146
1,10410,韩语TOPIK中级考前冲刺班,86,06146
1,10411,韩语TOPIK中级强化班,86,06146
1,10412,韩语初级班,86,06146
1,10413,韩语全程班,86,06146
1,10414,韩语词汇班,86,06146
1,10415,韩语高级班,86,06146
1,10417,韩语零起点特训班,86,06146
1,10418,韩语听说班,86,06146
1,10420,韩语语法班,86,06146
1,10421,韩语中级班,86,06146
1,10422,韩国留学直通车,86,06146
1,10423,考研日语基础班,85,06147
1,10424,考研日语考前冲刺班,85,06147
1,10425,考研日语模考讲评班,85,06147
1,10426,考研日语强化班,85,06147
1,10427,日本留学精英计划,436,06150
1,10428,日语1对1班,85,06147
1,10429,日语J.Test（A-D）考前冲刺班,85,06147
1,10430,日语J.Test（A-D）强化班,85,06147
1,10431,日语J.Test（E-F）考前冲刺班,85,06147
1,10432,日语J.Test（E-F）强化班,85,06147
1,10433,日语N1考前冲刺班,85,06147
1,10434,日语N1模考讲评班,85,06147
1,10435,日语N1强化班,85,06147
1,10436,日语N2考前冲刺班,85,06147
1,10437,日语N2模考讲评班,85,06147
1,10438,日语N2强化班,85,06147
1,10439,日语N3考前冲刺班,85,06147
1,10440,日语N3模考讲评班,85,06147
1,10441,日语N3强化班,85,06147
1,10442,日语N4考前冲刺班,85,06147
1,10443,日语N4强化班,85,06147
1,10444,日语N5考前冲刺班,85,06147
1,10445,日语N5强化班,85,06147
1,10446,日语中级班,85,06147
1,10447,日语初级（下）班,85,06147
1,10448,德语全程班,83,06144
1,10449,德语高级班,83,06144
1,10450,德语口语班,83,06144
1,10451,德语零起点特训班,83,06144
1,10452,德语听说班,83,06144
1,10453,德语语法班,83,06144
1,10454,德语中级班,83,06144
1,10455,德语专业四级基础班,83,06144
1,10456,日语初级（上）班,85,06147
1,10457,日语初级班,85,06147
1,10458,日语全程班,85,06147
1,10459,日语词汇班,85,06147
1,10460,日语高级班,85,06147
1,10461,日语口语班,85,06147
1,10462,日语零起点特训班,85,06147
1,10463,日语听说班,85,06147
1,10464,日语写作班,85,06147
1,10465,日语语法班,85,06147
1,10466,日语中级（上）班,85,06147
1,10467,日语中级（下）班,85,06147
1,10468,日语专业四级强化班,85,06147
1,10469,日本留学直通车,85,06147
1,10470,西班牙语1对1班,87,06148
1,10471,西班牙语DELE考前冲刺班,87,06148
1,10472,西班牙语DELE强化班,87,06148
1,10473,西班牙语初级班,87,06148
1,10474,西班牙语全程班,87,06148
1,10475,西班牙语词汇班,87,06148
1,10476,西班牙语高级班,87,06148
1,10477,西班牙语口语班,87,06148
1,10478,西班牙语零起点特训班,87,06148
1,10479,西班牙语听说班,87,06148
1,10480,西班牙语写作班,87,06148
1,10481,西班牙语语法班,87,06148
1,10482,西班牙语中级班,87,06148
1,10483,西班牙语专业四级考前冲刺班,87,06148
1,10484,西班牙语专业四级强化班,87,06148
1,10485,西班牙留学直通车,87,06148
1,10486,意大利语1对1班,91,06149
1,10487,意大利语CILS强化班,91,06149
1,10488,意大利语初级班,91,06149
1,10489,意大利语全程班,91,06149
1,10490,意大利语词汇班,91,06149
1,10491,意大利语高级班,91,06149
1,10493,意大利语零起点特训班,91,06149
1,10495,意大利语听说班,91,06149
1,10496,意大利语语法班,91,06149
1,10497,意大利语中级班,91,06149
1,10498,意大利留学直通车,91,06149
1,10499,小语种非标课程,431,0692
1,10500,小语种企业培训班,444,0691
1,10501,四级无忧计划,31,0234
1,10502,四级基础强化套餐班,31,0201
1,10503,四级基础强化套餐训练营,31,0201
1,10504,四级基础强化套餐住宿班,31,0201
1,10505,四级基础强化冲刺套餐班,31,0201
1,10506,四级基础强化冲刺套餐住宿班,31,0201
1,10514,四级强化班,31,0201
1,10515,四级强化住宿班,31,0201
1,10517,四级精讲精练班,31,0201
1,10518,四级冲刺班,31,0201
1,10519,四级特训班,31,0201
1,10521,四级写作考前点睛班,31,0201
1,10522,四级模考串讲班,31,0201
1,10523,四级听力单项班,31,0201
1,10524,四级阅读单项班,31,0201
1,10525,四级写作单项班,31,0201
1,10526,大学英语大一上教材同步班,31,0201
1,10527,大学英语大一下教材同步班,31,0201
1,10528,大学英语大二上教材同步班,31,0201
1,10529,大学英语大二下教材同步班,31,0201
1,10531,四级一对一班,31,0201
1,10532,四级基础全程班,31,0201
1,10533,四级强化全程班,31,0201
1,10534,四级冲刺全程班,31,0201
1,10535,四级核心词汇突破班,31,0201
1,10536,四级词汇精讲班,31,0201
1,10537,四级词汇语法班,31,0201
1,10538,四级考前词汇串讲班,31,0201
1,10540,四级写作翻译专项班,31,0201
1,10541,四级暑期集训营,31,0201
1,10542,四级寒假集训营,31,0201
1,10543,六级考前词汇串讲班,63,0202
1,10544,六级核心词汇突破班,63,0202
1,10545,六级词汇精讲班,63,0202
1,10546,六级词汇语法班,63,0202
1,10548,六级无忧计划,63,0235
1,10549,六级基础强化套餐班,63,0202
1,10550,六级基础强化套餐训练营,63,0202
1,10551,六级基础强化套餐住宿班,63,0202
1,10552,六级基础强化冲刺套餐班,63,0202
1,10553,六级基础强化冲刺套餐住宿班,63,0202
1,10555,六级基础班,63,0202
1,10558,六级强化班,63,0202
1,10559,六级强化住宿班,63,0202
1,10561,六级精讲精练班,63,0202
1,10562,六级冲刺班,63,0202
1,10563,六级特训班,63,0202
1,10564,六级写作考前点睛班,63,0202
1,10565,六级模考串讲班,63,0202
1,10566,六级听力单项班,63,0202
1,10567,六级阅读单项班,63,0202
1,10568,六级写作单项班,63,0202
1,10569,六级一对一班,63,0202
1,10570,六级基础全程班,63,0202
1,10574,六级暑期集训营,63,0202
1,10575,六级寒假集训营,63,0202
1,10576,专四英专教材同步基础强化套餐班,151,0226
1,10577,专四英专教材同步基础强化套餐住宿班,151,0226
1,10582,专四强化班,151,0226
1,10583,专四强化住宿班,151,0226
1,10584,专四精讲精练班,151,0226
1,10585,专四冲刺班,151,0226
1,10586,专四模考串讲班,151,0226
1,10587,专四考前点睛班,151,0226
1,10588,专四特训班,151,0226
1,10589,专四一对一班,151,0226
1,10590,专四考前词汇串讲班,151,0226
1,10591,专八英专教材同步基础强化套餐班,152,0217
1,10592,专八英专教材同步基础强化套餐住宿班,152,0217
1,10597,专八强化班,152,0217
1,10598,专八强化住宿班,152,0217
1,10600,专八冲刺班,152,0217
1,10601,专八模考串讲班,152,0217
1,10602,专八考前点睛班,152,0217
1,10603,专八特训班,152,0217
1,10604,专八一对一课程,152,0217
1,10605,专八考前词汇串讲班,152,0217
1,10606,PETS一级强化班,201,0228
1,10607,PETS一级冲刺班,201,0228
1,10608,PETS一级串讲班,201,0228
1,10609,PETS二级强化班,201,0228
1,10610,PETS二级冲刺班,201,0228
1,10611,PETS二级串讲班,201,0228
1,10612,PETS三级强化班,201,0228
1,10613,PETS四级强化班,201,0228
1,10614,PETS四级冲刺班,201,0228
1,10615,PETS四级串讲班,201,0228
1,10616,PETS五级强化班,201,0228
1,10617,PETS五级冲刺班,201,0228
1,10618,PETS五级串讲班,201,0228
1,10619,PETS三级冲刺班,201,0228
1,10620,PETS三级串讲班,201,0228
1,10622,成人英语三级基础班,153,0213
1,10623,成人英语三级强化班,153,0213
1,10624,成人英语三级串讲班,153,0213
1,10625,成人英语三级冲刺班,153,0213
1,10635,大学英语预科精品住宿班,366,0220
1,10636,大学英语预科住宿班,366,0220
1,10637,大学英语预科精品走读班,366,0220
1,10638,大学英语预科走读班,366,0220
1,10639,大学精英文科预备营,366,0220
1,10640,大学精英理工预备营,366,0220
1,10641,大学精英工商管理预备营,366,0220
1,10642,大学精英英语预备营,366,0220
1,10643,大学精英游学营,366,0220
1,10644,大学英语预科一对一班,366,0220
1,10645,大学高等数学预科班,366,0220
1,10646,考博英语强化班,199,0215
1,10647,医学类考博英语强化班,199,0215
1,10648,考博英语定制学习班,199,0215
1,10649,考博英语冲刺班,199,0215
1,10650,医学类考博英语冲刺班,199,0215
1,10651,考博英语串讲班,199,0215
1,10652,医学类考博英语串讲班,199,0215
1,10653,考博英语一对一班,199,0215
1,10654,考博核心词汇班,199,0215
1,10655,考博词汇语法班,199,0215
1,10659,四六级预收款班,31,0201
1,10660,在职硕士英语基础班,399,0205
1,10661,在职硕士英语强化班,399,0205
1,10662,在职硕士英语冲刺模考班,399,0205
1,10663,在职硕士一对一班,399,0205
1,10664,职称英语基础班,2,0206
1,10665,职称英语强化教材精讲班,2,0206
1,10666,职称英语冲刺班,2,0206
1,10667,职称英语考前串讲班,2,0206
1,10668,职称英语全程精品班,2,0206
1,10669,职称英语一对一班,2,0206
1,10679,专升本一对一班,202,0231
1,10680,六级写作翻译专项班,63,0202
1,10681,1500词汇速记班,46,0207
1,10683,2500词汇速记班,46,0207
1,10684,3500词汇速记班,46,0207
1,10686,4500词汇速记班,46,0207
1,10689,6500词汇速记班,46,0207
1,10690,8000词汇速记班,46,0207
1,10691,10000词汇速记班,46,0207
1,10692,3500词汇魔鬼训练营,46,0207
1,10693,4500词汇魔鬼训练营,46,0207
1,10694,6500词汇魔鬼训练营,46,0207
1,10695,8000词汇魔鬼训练营,46,0207
1,10696,10000词汇魔鬼训练营,46,0207
1,10697,词汇一对一班,46,0207
1,10698,酷学酷玩北京英语游学营,422,1208
1,10700,酷学酷玩北京探秘之旅营,422,1208
1,10701,酷学酷玩北京名校励志营,422,1208
1,10705,酷学酷玩滑雪营,416,1209
1,10708,酷学酷玩英语篮球营,416,1209
1,10709,酷学酷玩大满贯网球营,416,1209
1,10710,酷学酷玩行者单车营,416,1209
1,10715,酷学酷玩中学生好声音营,416,1209
1,10716,酷学酷玩听力口语集训营,419,1207
1,10717,酷学酷玩E计划全英文听力口语营,419,1207
1,10718,酷学酷玩词汇魔鬼速记营,419,1207
1,10734,酷学酷玩英语炫舞营,416,1209
1,10735,酷学酷玩微电影营,416,1209
1,10736,酷学酷玩国际动画追梦营,416,1209
1,10738,酷学酷玩户外拓展营,416,1209
1,10739,酷学酷玩美食烹饪营,416,1209
1,10741,酷学酷玩英汉双语口才营,416,1209
1,10742,酷学酷玩美国现场英语营,416,1209
1,10745,泡泡少儿英语一年级综合培优预备期,1000803,557
1,10746,考研英语基础班,174,0203
1,10747,考研英语基础住宿班,174,0203
1,10748,考研英语强化班,174,0203
1,10750,泡泡少儿英语一年级综合培优第一期,1000803,557
1,10751,考研英语强化住宿班,174,0203
1,10752,泡泡少儿英语一年级综合培优第二期,1000803,557
1,10753,泡泡少儿英语一年级综合培优第三期,1000803,557
1,10754,考研英语强化“十一”住宿班,174,0203
1,10755,泡泡少儿英语一年级综合培优全册,1000803,557
1,10756,泡泡少儿英语二年级综合培优预备期,1000903,558
1,10757,泡泡少儿英语二年级综合培优第一期,1000903,558
1,10759,泡泡少儿英语二年级综合培优第二期,1000903,558
1,10761,泡泡少儿英语二年级综合培优第三期,1000903,558
1,10763,泡泡少儿英语三年级综合培优预备期,1001003,559
1,10764,泡泡少儿英语三年级综合培优第一期,1001003,559
1,10766,泡泡少儿英语三年级综合培优第二期,1001003,559
1,10767,考研英语精讲精练班,174,0203
1,10768,泡泡少儿英语三年级综合培优第三期,1001003,559
1,10769,考研英语精讲精练住宿班,174,0203
1,10771,考研英语冲刺班,174,0203
1,10772,泡泡少儿英语四年级综合培优预备期,1001103,560
1,10773,泡泡少儿英语四年级综合培优第一期,1001103,560
1,10774,泡泡少儿英语四年级综合培优第二期,1001103,560
1,10775,泡泡少儿英语四年级综合培优第三期,1001103,560
1,10777,考研英语串讲班,174,0203
1,10779,泡泡少儿英语五年级综合培优预备期,1001203,561
1,10780,考研英语考前点睛班,174,0203
1,10781,泡泡少儿英语五年级综合培优第一期,1001203,561
1,10782,泡泡少儿英语五年级综合培优第二期,1001203,561
1,10784,泡泡少儿英语五年级综合培优第三期,1001203,561
1,10787,泡泡少儿英语六年级综合培优预备期,1001303,562
1,10789,泡泡少儿英语六年级综合培优第一期,1001303,562
1,10790,泡泡少儿英语六年级综合培优第二期,1001303,562
1,10791,泡泡少儿英语六年级综合培优第三期,1001303,562
1,10793,考研英语阅读专项精讲班,174,0203
1,10794,考研英语写作专项精讲班,174,0203
1,10796,考研英语复试班,174,0203
1,10801,考研英语5500词汇班,174,0203
1,10804,考研英语核心词汇班,174,0203
1,10805,考研英语词汇串讲班,174,0203
1,10806,考研英语词汇精讲班,174,0203
1,10807,考研英语词汇高分突破班,174,0203
1,10808,考研英语词汇语法班,174,0203
1,10809,考研英语词汇语法住宿班,174,0203
1,10810,考研英语核心词汇精讲住宿班,174,0203
1,10811,考研英语基础强化套餐班,174,0203
1,10812,考研英语基础强化套餐住宿班,174,0203
1,10815,艺术类考研英语基础班,174,0203
1,10816,艺术类考研英语基础住宿班,174,0203
1,10817,艺术类考研英语强化班,174,0203
1,10821,考研英语二基础班,174,0203
1,10822,考研英语二强化班,174,0203
1,10823,考研英语二强化住宿班,174,0203
1,10824,考研英语二冲刺班,174,0203
1,10826,考研英语二点睛班,174,0203
1,10834,艺术类考研英语基础强化套餐班,174,0203
1,10835,艺术类考研英语基础强化套餐住宿班,174,0203
1,10836,考研英语基础全程班,174,0203
1,10837,考研英语强化全程班,174,0203
1,10838,考研英语强化全程住宿班,174,0203
1,10839,考研英语全程畅听班,425,0203
1,10843,考研政治基础班,174,0223
1,10844,考研政治基础住宿班,174,0223
1,10845,考研政治强化班,174,0223
1,10847,考研政治强化“十一”住宿班,174,0223
1,10848,考研政治强化住宿班,174,0223
1,10850,SSAT*精讲精练班,167,0115
1,10851,SSAT*模考班,167,0115
1,10852,SSAT*全程班,167,0115
1,10853,TOEFL Junior体验班,410,0128
1,10854,TOEFL Junior1对1班,410,0128
1,10855,TOEFL Junior基础班,410,0128
1,10856,TOEFL Junior强化班,410,0128
1,10857,TOEFL Junior全程班,410,0128
1,10858,TOEIC体验班,168,0108
1,10859,TOEIC基础班,168,0108
1,10860,TOEIC强化班,168,0108
1,10861,TOEIC模考班,168,0108
1,10863,考研政治冲刺班,174,0223
1,10864,考研政治串讲班,174,0223
1,10866,考研政治形势与政策精讲班,174,0223
1,10869,考研政治分析题单项高分突破班,174,0223
1,10870,考研政治解题技巧实战班,174,0223
1,10871,考研政治基础强化套餐班,174,0223
1,10873,考研政治基础强化套餐住宿班,174,0223
1,10881,考研政治基础全程班,174,0223
1,10882,考研政治强化全程班,174,0223
1,10883,考研政治强化全程住宿班,174,0223
1,10884,考研政治全程畅听班,425,0223
1,10888,考研数学基础班,174,0212
1,10890,考研数学基础住宿班,174,0212
1,10891,考研数学强化班,174,0212
1,10893,考研数学强化住宿班,174,0212
1,10895,考研数学强化“十一”特训班,174,0212
1,10913,考研数学精讲精练班,174,0212
1,10915,考研数学一精讲精练班,174,0212
1,10922,考研数学二精讲精练班,174,0212
1,10924,考研数学三精讲精练班,174,0212
1,10927,考研数学冲刺班,174,0212
1,10929,考研数学串讲班,174,0212
1,10941,考研数学高等数学专项精讲班,174,0212
1,10943,考研数学线性代数专项精讲班,174,0212
1,10946,考研数学概率论与数理统计专项精讲班,174,0212
1,10948,考研数学基础强化套餐班,174,0212
1,10949,考研数学基础强化套餐住宿班,174,0212
1,10954,考研数学基础全程班,174,0212
1,10955,考研数学强化全程班,174,0212
1,10959,考研英语数学基础套餐班,174,0230
1,10961,考研英语数学基础套餐住宿班,174,0230
1,10965,考研英语数学强化套餐班,174,0230
1,10970,考研英语数学强化套餐住宿班,174,0230
1,10971,高一尖子语文春季班,1000504,1622
1,10972,考研英语数学全程班,174,0230
1,10973,高一尖子语文寒假班,1000504,1622
1,10974,高一尖子语文秋季班,1000504,1622
1,10975,高一尖子语文暑假班,1000504,1622
1,10977,考研英语政治基础套餐班,174,0230
1,10978,高二尖子语文春季班,1000604,1623
1,10979,高二尖子语文寒假班,1000604,1623
1,10980,考研英语政治基础套餐住宿班,174,0230
1,10981,考研英语政治强化套餐班,174,0230
1,10982,高二尖子语文秋季班,1000604,1623
1,10984,考研英语政治强化套餐住宿班,174,0230
1,10985,高二尖子语文暑假班,1000604,1623
1,10988,高考尖子语文春季班,1000704,1624
1,10989,考研英语政治全程班,174,0230
1,10991,高考尖子语文寒假班,1000704,1624
1,10992,高考尖子语文秋季班,1000704,1624
1,10993,高考尖子语文暑假班,1000704,1624
1,10994,考研英语政治基础强化套餐住宿班,174,0230
1,10996,艺术类考研英语政治全程班,174,0230
1,11003,考研英语政治全程畅听班,425,0230
1,11008,考研英语政治数学考前点睛班,174,0230
1,11013,初一英语一对一,1000101,1907
1,11015,考研英语政治数学“画龙点睛”班,174,0230
1,11017,考研英语政治数学全程班,174,0230
1,11020,初一数学一对一,1000103,1907
1,11023,考研数学政治全程班,174,0230
1,11032,高一尖子英语春季班,1000501,1622
1,11033,高一尖子英语寒假班,1000501,1622
1,11035,高一尖子英语秋季班,1000501,1622
1,11036,初一语文一对一,1000104,1907
1,11037,初一物理一对一,1000105,1907
1,11039,高一尖子英语暑假班,1000501,1622
1,11040,初一化学一对一,1000106,1907
1,11043,高二尖子英语春季班,1000601,1623
1,11044,初一生物一对一,1000107,1907
1,11045,高二尖子英语寒假班,1000601,1623
1,11047,初一科学一对一,1000111,1907
1,11048,高二尖子英语秋季班,1000601,1623
1,11050,初一地理一对一,1000108,1907
1,11051,初一历史一对一,1000109,1907
1,11052,高二尖子英语暑假班,1000601,1623
1,11054,初一政治一对一,1000110,1907
1,11055,高考尖子英语春季班,1000701,1624
1,11057,初一全科一对一,1000102,1907
1,11058,高考尖子英语寒假班,1000701,1624
1,11060,高考尖子英语秋季班,1000701,1624
1,11062,高考尖子英语暑假班,1000701,1624
1,11065,初二英语一对一,1000201,1908
1,11071,初二数学一对一,1000203,1908
1,11074,初二语文一对一,1000204,1908
1,11076,初二物理一对一,1000205,1908
1,11083,初二化学一对一,1000206,1908
1,11086,初二生物一对一,1000207,1908
1,11089,初二地理一对一,1000208,1908
1,11094,初二历史一对一,1000209,1908
1,11096,初二政治一对一,1000210,1908
1,11099,初二科学一对一,1000211,1908
1,11101,初二全科一对一,1000202,1908
1,11102,高一尖子数学春季班,1000503,1622
1,11103,高一尖子数学寒假班,1000503,1622
1,11105,中考英语一对一,1000401,1910
1,11106,高一尖子数学暑假班,1000503,1622
1,11107,中考数学一对一,1000403,1910
1,11109,高一尖子数学秋季班,1000503,1622
1,11111,中考语文一对一,1000404,1910
1,11112,高二尖子数学春季班,1000603,1623
1,11113,中考物理一对一,1000405,1910
1,11115,中考化学一对一,1000406,1910
1,11116,高二尖子数学寒假班,1000603,1623
1,11118,中考生物一对一,1000407,1910
1,11120,高二尖子数学秋季班,1000603,1623
1,11122,高二尖子数学暑假班,1000603,1623
1,11123,中考政治一对一,1000410,1910
1,11125,高考尖子数学春季班,1000703,1624
1,11127,中考历史一对一,1000409,1910
1,11128,高考尖子数学寒假班,1000703,1624
1,11130,中考地理一对一,1000408,1910
1,11131,中考科学一对一,1000411,1910
1,11133,高考尖子数学秋季班,1000703,1624
1,11135,高考尖子数学暑假班,1000703,1624
1,11138,中考全科一对一,1000402,1910
1,11140,高一英语一对一,1000501,1911
1,11142,高一数学一对一,1000503,1911
1,11145,高一语文一对一,1000504,1911
1,11148,高一物理一对一,1000505,1911
1,11149,高一化学一对一,1000506,1911
1,11151,高一生物一对一,1000507,1911
1,11153,高一政治一对一,1000510,1911
1,11155,高一地理一对一,1000508,1911
1,11159,高一历史一对一,1000509,1911
1,11160,考研专业课无忧计划,398,0233
1,11162,高一全科一对一,1000502,1911
1,11164,高二英语一对一,1000601,1912
1,11165,高一尖子化学春季班,1000506,1622
1,11166,高二数学一对一,1000603,1912
1,11167,高一尖子化学寒假班,1000506,1622
1,11168,高二语文一对一,1000604,1912
1,11169,高一尖子化学秋季班,1000506,1622
1,11170,高二物理一对一,1000605,1912
1,11172,高一尖子化学暑假班,1000506,1622
1,11174,高二化学一对一,1000606,1912
1,11175,高二生物一对一,1000607,1912
1,11176,高二尖子化学春季班,1000606,1623
1,11177,高二政治一对一,1000610,1912
1,11178,高二尖子化学寒假班,1000606,1623
1,11179,高二地理一对一,1000608,1912
1,11180,高二尖子化学秋季班,1000606,1623
1,11181,高二历史一对一,1000609,1912
1,11182,高二全科一对一,1000602,1912
1,11183,高二尖子化学暑假班,1000606,1623
1,11184,高考英语一对一,1000701,1913
1,11185,高考数学一对一,1000703,1913
1,11186,高考尖子化学春季班,1000706,1624
1,11188,高考语文一对一,1000704,1913
1,11189,高考物理一对一,1000705,1913
1,11191,高考尖子化学寒假班,1000706,1624
1,11192,高考尖子化学秋季班,1000706,1624
1,11194,高考化学一对一,1000706,1913
1,11196,高考尖子化学暑假班,1000706,1624
1,11197,高考生物一对一,1000707,1913
1,11200,高考政治一对一,1000710,1913
1,11203,高考地理一对一,1000708,1913
1,11204,高考历史一对一,1000709,1913
1,11207,高考全科一对一,1000702,1913
1,11253,高一尖子物理春季班,1000505,1622
1,11254,高一尖子物理寒假班,1000505,1622
1,11255,高一尖子物理秋季班,1000505,1622
1,11256,高一尖子物理暑假班,1000505,1622
1,11257,高二尖子物理春季班,1000605,1623
1,11258,高二尖子物理寒假班,1000605,1623
1,11259,高二尖子物理秋季班,1000605,1623
1,11260,高二尖子物理暑假班,1000605,1623
1,11261,高考尖子物理春季班,1000705,1624
1,11262,高考尖子物理寒假班,1000705,1624
1,11263,高考尖子物理秋季班,1000705,1624
1,11264,高考尖子物理暑假班,1000705,1624
1,11271,高考提高物理春季班,1000705,1624
1,11273,高考提高物理寒假班,1000705,1624
1,11275,高考提高物理秋季班,1000705,1624
1,11276,高考提高物理暑假班,1000705,1624
1,11277,高考提高英语春季班,1000701,1624
1,11278,高考提高英语寒假班,1000701,1624
1,11279,高考提高英语秋季班,1000701,1624
1,11280,高考提高英语暑假班,1000701,1624
1,11281,高考提高语文春季班,1000704,1624
1,11282,高考提高语文寒假班,1000704,1624
1,11283,高考提高语文秋季班,1000704,1624
1,11284,高考提高语文暑假班,1000704,1624
1,11285,高考提高政治春季班,1000710,1624
1,11286,高考提高政治寒假班,1000710,1624
1,11287,高考提高政治秋季班,1000710,1624
1,11288,高考提高政治暑假班,1000710,1624
1,11289,高一提高地理暑假班,1000508,1622
1,11290,高一提高地理春季班,1000508,1622
1,11291,高一提高地理寒假班,1000508,1622
1,11292,初二提高物理寒假班,1000205,1618
1,11293,初二提高物理秋季班,1000205,1618
1,11294,初二提高物理暑假班,1000205,1618
1,11295,高一提高地理秋季班,1000508,1622
1,11296,初二提高英语春季班,1000201,1618
1,11297,初二提高英语寒假班,1000201,1618
1,11298,高一提高化学春季班,1000506,1622
1,11299,初二提高英语秋季班,1000201,1618
1,11300,初二提高英语暑假班,1000201,1618
1,11301,高一提高化学寒假班,1000506,1622
1,11302,初二提高语文寒假班,1000204,1618
1,11303,高一提高化学秋季班,1000506,1622
1,11304,初二提高语文秋季班,1000204,1618
1,11305,初二提高语文暑假班,1000204,1618
1,11306,初二目标化学春季班,1000206,1618
1,11307,高一提高化学暑假班,1000506,1622
1,11309,初二目标化学寒假班,1000206,1618
1,11311,初二目标化学秋季班,1000206,1618
1,11314,初二目标化学暑假班,1000206,1618
1,11315,初一提高数学春季班,1000103,1617
1,11316,初二目标数学春季班,1000203,1618
1,11318,初一提高数学寒假班,1000103,1617
1,11319,初二目标数学寒假班,1000203,1618
1,11321,初一提高数学秋季班,1000103,1617
1,11322,初二目标数学秋季班,1000203,1618
1,11324,初二目标数学暑假班,1000203,1618
1,11325,初一提高数学暑假班,1000103,1617
1,11326,高一提高历史春季班,1000509,1622
1,11327,初一提高英语春季班,1000101,1617
1,11328,高一提高历史寒假班,1000509,1622
1,11329,初一提高英语寒假班,1000101,1617
1,11330,初二目标物理春季班,1000205,1618
1,11331,初一提高英语秋季班,1000101,1617
1,11332,初二目标物理寒假班,1000205,1618
1,11333,高一提高历史秋季班,1000509,1622
1,11334,初一提高英语暑假班,1000101,1617
1,11335,初二目标物理秋季班,1000205,1618
1,11336,高一提高历史暑假班,1000509,1622
1,11337,初二目标物理暑假班,1000205,1618
1,11338,初二目标英语春季班,1000201,1618
1,11339,高一提高生物春季班,1000507,1622
1,11340,初二目标英语寒假班,1000201,1618
1,11341,初二目标英语秋季班,1000201,1618
1,11342,高一提高生物寒假班,1000507,1622
1,11343,初二目标英语暑假班,1000201,1618
1,11346,初一提高语文春季班,1000104,1617
1,11347,初一提高语文寒假班,1000104,1617
1,11348,初一提高语文秋季班,1000104,1617
1,11349,初一提高语文暑假班,1000104,1617
1,11353,高一提高生物秋季班,1000507,1622
1,11354,高二提高地理寒假班,1000608,1623
1,11355,高一提高生物暑假班,1000507,1622
1,11356,中考提高化学秋季班,1000406,1620
1,11359,高二提高化学春季班,1000606,1623
1,11360,高二提高化学寒假班,1000606,1623
1,11361,高二提高化学秋季班,1000606,1623
1,11362,高二提高化学暑假班,1000606,1623
1,11363,初二目标语文春季班,1000204,1618
1,11365,初二目标语文寒假班,1000204,1618
1,11366,初二尖子生物寒假班,1000207,1618
1,11367,初二目标语文秋季班,1000204,1618
1,11368,初二目标语文暑假班,1000204,1618
1,11370,初一目标数学春季班,1000103,1617
1,11373,初一目标数学寒假班,1000103,1617
1,11374,高考目标地理寒假班,1000708,1624
1,11377,高二提高历史寒假班,1000609,1623
1,11380,高二提高生物春季班,1000607,1623
1,11381,高二提高生物寒假班,1000607,1623
1,11382,高二提高生物秋季班,1000607,1623
1,11383,高二提高生物暑假班,1000607,1623
1,11384,高二提高数学春季班,1000603,1623
1,11385,高二提高数学寒假班,1000603,1623
1,11386,高二提高数学秋季班,1000603,1623
1,11387,高二提高数学暑假班,1000603,1623
1,11388,高二提高文综春季班,1000613,1623
1,11389,高二提高文综寒假班,1000613,1623
1,11390,高二提高文综秋季班,1000613,1623
1,11391,高二提高文综暑假班,1000613,1623
1,11392,高二提高物理春季班,1000605,1623
1,11395,高一尖子生物春季班,1000507,1622
1,11396,高一尖子生物寒假班,1000507,1622
1,11397,高二提高物理寒假班,1000605,1623
1,11398,高一尖子生物秋季班,1000507,1622
1,11399,高一提高数学春季班,1000503,1622
1,11400,高二提高物理秋季班,1000605,1623
1,11401,高一尖子生物暑假班,1000507,1622
1,11403,高一提高数学寒假班,1000503,1622
1,11404,高二提高物理暑假班,1000605,1623
1,11405,高二尖子生物春季班,1000607,1623
1,11406,高二提高英语春季班,1000601,1623
1,11407,高一提高数学秋季班,1000503,1622
1,11408,高二尖子生物寒假班,1000607,1623
1,11410,高二尖子生物秋季班,1000607,1623
1,11411,高一提高数学暑假班,1000503,1622
1,11412,高二提高英语寒假班,1000601,1623
1,11414,高二提高英语秋季班,1000601,1623
1,11415,高一提高文综春季班,1000513,1622
1,11416,高二提高英语暑假班,1000601,1623
1,11417,高考尖子生物春季班,1000707,1624
1,11418,高一提高文综寒假班,1000513,1622
1,11419,高考目标政治寒假班,1000710,1624
1,11420,高二提高语文春季班,1000604,1623
1,11421,高考尖子生物寒假班,1000707,1624
1,11422,高一提高文综秋季班,1000513,1622
1,11423,高二提高语文寒假班,1000604,1623
1,11424,高考尖子生物秋季班,1000707,1624
1,11426,高二提高语文秋季班,1000604,1623
1,11427,高一提高文综暑假班,1000513,1622
1,11428,高考尖子生物暑假班,1000707,1624
1,11429,高二提高语文暑假班,1000604,1623
1,11430,高一提高物理春季班,1000505,1622
1,11443,高一尖子地理春季班,1000508,1622
1,11447,高一尖子地理寒假班,1000508,1622
1,11448,高一尖子地理秋季班,1000508,1622
1,11449,高考提高地理春季班,1000708,1624
1,11451,高一尖子地理暑假班,1000508,1622
1,11453,高考提高地理寒假班,1000708,1624
